{"cameraMode":{"drawMode":0,"name":"Shaded","section":"Shading Mode"},"sceneLighting":true,"audioPlay":false,"sceneViewState":{"m_AlwaysRefresh":false,"showFog":true,"showSkybox":true,"showFlares":true,"showImageEffects":true,"showParticleSystems":true,"showVisualEffectGraphs":true,"m_FxEnabled":true},"in2DMode":false,"pivot":{"x":-0.19919905066490174,"y":0.1530243307352066,"z":-0.3319873809814453},"rotation":{"x":0.06261599808931351,"y":0.36962541937828066,"z":-0.025080163031816484,"w":0.9267793297767639},"size":0.16352057456970216,"orthographic":false}