{"cameraMode":{"drawMode":0,"name":"Shaded","section":"Shading Mode"},"sceneLighting":true,"audioPlay":false,"sceneViewState":{"m_AlwaysRefresh":false,"showFog":true,"showSkybox":true,"showFlares":true,"showImageEffects":true,"showParticleSystems":true,"showVisualEffectGraphs":true,"m_FxEnabled":true},"in2DMode":false,"pivot":{"x":0.89705491065979,"y":0.5212292671203613,"z":0.6953983306884766},"rotation":{"x":0.034376781433820727,"y":0.9587664604187012,"z":-0.12862569093704225,"w":0.25211748480796816},"size":2.4426422119140627,"orthographic":false}