{"cameraMode":{"drawMode":0,"name":"Shaded","section":"Shading Mode"},"sceneLighting":true,"audioPlay":false,"sceneViewState":{"m_AlwaysRefresh":false,"showFog":true,"showSkybox":true,"showFlares":true,"showImageEffects":true,"showParticleSystems":true,"showVisualEffectGraphs":true,"m_FxEnabled":true},"in2DMode":false,"pivot":{"x":0.03159107267856598,"y":0.09075707942247391,"z":-0.16455194354057313},"rotation":{"x":0.09112658351659775,"y":-0.07312696427106857,"z":0.00671222060918808,"w":0.9931380748748779},"size":2.5147294998168947,"orthographic":true}