{"cameraMode":{"drawMode":0,"name":"Shaded","section":"Shading Mode"},"sceneLighting":true,"audioPlay":false,"sceneViewState":{"m_AlwaysRefresh":false,"showFog":true,"showSkybox":true,"showFlares":true,"showImageEffects":true,"showParticleSystems":true,"showVisualEffectGraphs":true,"m_FxEnabled":true},"in2DMode":false,"pivot":{"x":0.014208021573722363,"y":0.21547655761241914,"z":-0.7517157793045044},"rotation":{"x":0.02818463370203972,"y":0.020399184897542,"z":-0.0008922200067900121,"w":0.9995011687278748},"size":0.0788869857788086,"orthographic":false}