{"cameraMode":{"drawMode":0,"name":"Shaded","section":"Shading Mode"},"sceneLighting":true,"audioPlay":false,"sceneViewState":{"m_AlwaysRefresh":false,"showFog":true,"showSkybox":true,"showFlares":true,"showImageEffects":true,"showParticleSystems":true,"showVisualEffectGraphs":true,"m_FxEnabled":true},"in2DMode":false,"pivot":{"x":-0.20209284126758576,"y":-0.5754362940788269,"z":1.6728531122207642},"rotation":{"x":0.17900122702121736,"y":-0.02067635953426361,"z":0.0036595079582184555,"w":0.983674943447113},"size":1.0635206699371338,"orthographic":false}